master_id,expansion,cn,card_type,sub_type,name,rarity,ability,move1,move2,regulation,official_id,is_mirror,copyright
s8a-p_001_025,S8a-P,001/025,ポケモン,炎,リザードン,-,,,,A,,False,False
s8a-p_002_025,S8a-P,002/025,ポケモン,草,フシギバナ,-,,,,A,,False,False
s8a-p_003_025,S8a-P,003/025,ポケモン,水,カメックス,-,,,,A,,False,False
s8a-p_004_025,S8a-P,004/025,トレーナーズ,サポート,にせオーキドはかせ,-,,,,A,,False,False
s8a-p_005_025,S8a-P,005/025,ポケモン,水,わるいギャラドス,-,,,,A,,False,False
s8a-p_006_025,S8a-P,006/025,トレーナーズ,サポート,ロケット団参上！,-,,,,A,,False,False
s8a-p_007_025,S8a-P,007/025,ポケモン,雷,_のピカチュウ,-,,,,A,,False,False
s8a-p_008_025,S8a-P,008/025,ポケモン,雷,R団のサンダー,-,,,,A,,False,False
s8a-p_009_025,S8a-P,009/025,ポケモン,無,ピィ,-,,,,A,,False,False
s8a-p_010_025,S8a-P,010/025,ポケモン,水,ひかるコイキング,-,,,,A,,False,False
s8a-p_011_025,S8a-P,011/025,ポケモン,闘,マグマ団のグラードン,-,,,,A,,False,False
s8a-p_012_025,S8a-P,012/025,ポケモン,悪,ブラッキー☆,-,,,,A,,False,False
s8a-p_013_025,S8a-P,013/025,トレーナーズ,サポート,ロケット団の幹部,-,,,,A,,False,False
s8a-p_014_025,S8a-P,014/025,ポケモン,超,ミュウex,-,,,,A,,False,False
s8a-p_015_025,S8a-P,015/025,ポケモン,炎,サーナイトex δ種,-,,,,A,,False,False
s8a-p_016_025,S8a-P,016/025,ポケモン,闘,ネンドール,-,,,,A,,False,False
s8a-p_017_025,S8a-P,017/025,ポケモン,雷,レントラーGL,-,,,,A,,False,False
s8a-p_018_025,S8a-P,018/025,ポケモン,無,ガブリアスC,-,,,,A,,False,False
s8a-p_019_025,S8a-P,019/025,ポケモン,闘,ドンファン,-,,,,A,,False,False
s8a-p_020_025,S8a-P,020/025,ポケモン,炎,レシラム,-,,,,A,,False,False
s8a-p_021_025,S8a-P,021/025,ポケモン,雷,ゼクロム,-,,,,A,,False,False
s8a-p_022_025,S8a-P,022/025,ポケモン,超,ミュウツーEX,-,,,,A,,False,False
s8a-p_023_025,S8a-P,023/025,ポケモン,妖,ゼルネアスEX,-,,,,A,,False,False
s8a-p_024_025,S8a-P,024/025,ポケモン,無,MレックウザEX,-,,,,A,,False,False
s8a-p_025_025,S8a-P,025/025,ポケモン,超,カプ・テテフGX,-,,,,A,,False,False
smp_myu_SM-P,-,-,ポケモン,超,ミュウ 古代文字,-,,PSYCHE,,C,36903,False,False
smp_001_SM-P,SM-P,001/SM-P,ポケモン,闘,カビゴンGX,-,,たおれこむ,とどろくいびき,A,33211,False,False
smp_003_SM-P,SM-P,003/SM-P,ポケモン,雷,ピカチュウ,-,,でんじは,エレキボール,A,33213,False,False
smp_008_SM-P,SM-P,008/SM-P,ポケモン,雷,ピカチュウ,-,,でんじは,エレキボール,A,33227,False,False
smp_009_SM-P,SM-P,009/SM-P,ポケモン,超,ミミッキュ,-,,のろう,おどろかす,A,33228,False,False
smp_013_SM-P,SM-P,013/SM-P,ポケモン,雷,スカル団ごっこピカチュウ,-,,ワルぶる？,10まんボルト,A,33288,False,False
smp_014_SM-P,SM-P,014/SM-P,ポケモン,雷,団員ごっこピカチュウ,-,,ごたごた,,A,33289,False,False
smp_015_SM-P,SM-P,015/SM-P,トレーナーズ,グッズ,ロトム図鑑,-,,,,A,33290,False,False
smp_020_SM-P,SM-P,020/SM-P,トレーナーズ,サポート,ハウ,-,,,,A,33294,False,False
smp_036_SM-P,SM-P,036/SM-P,トレーナーズ,サポート,スイレン,-,,,,A,33399,False,False
smp_037_SM-P,SM-P,037/SM-P,ポケモン,雷,ポンチョを着たピカチュウ,-,,こなゆき？,ピカボルト,A,33400,False,False
smp_038_SM-P,SM-P,038/SM-P,ポケモン,雷,ポンチョを着たピカチュウ,-,,こがす？,ピカボルト,A,33401,False,False
smp_039_SM-P,SM-P,039/SM-P,ポケモン,雷,トゲデマル,-,,ほっぺすりすり,ころがる,A,33402,False,False
smp_044_SM-P,SM-P,044/SM-P,ポケモン,雷,ピカチュウ,-,,しっぽではたく,スパーク,A,33409,False,False
smp_053_SM-P,SM-P,053/SM-P,トレーナーズ,サポート,ライチ,-,,,,A,33854,False,False
smp_055_SM-P,SM-P,055/SM-P,ポケモン,雷,イースターのピカチュウ,-,,ハッピーイースター,タマゴころがし,A,33859,False,False
smp_061_SM-P,SM-P,061/SM-P,ポケモン,雷,ピカチュウ,-,,10まんボルト,,A,33967,False,False
smp_066_SM-P,SM-P,066/SM-P,ポケモン,闘,ルナアーラ,-,ファントムガード,フルムーンレイ,,A,33972,False,False
smp_067_SM-P,SM-P,067/SM-P,ポケモン,炎,ソルガレオ,-,メタルプロテクト,ライジングダッシュ,,A,33973,False,False
smp_068_SM-P,SM-P,068/SM-P,ポケモン,雷,ピカチュウ,-,,10まんボルト,,A,33974,False,False
smp_071_SM-P,SM-P,071/SM-P,ポケモン,雷,サトシのピカチュウ,-,,こうそくいどう,かみなり,A,33986,False,False
smp_072_SM-P,SM-P,072/SM-P,ポケモン,雷,サトシのピカチュウ,-,,アイアンテール,かみなり,A,33987,False,False
smp_073_SM-P,SM-P,073/SM-P,ポケモン,雷,サトシのピカチュウ,-,,でんこうせっか,ボルテッカー,A,33988,False,False
smp_074_SM-P,SM-P,074/SM-P,ポケモン,雷,サトシのピカチュウ,-,,でんこうせっか,エレキボール,A,33989,False,False
smp_075_SM-P,SM-P,075/SM-P,ポケモン,雷,サトシのピカチュウ,-,,アイアンテール,エレキボール,A,33990,False,False
smp_076_SM-P,SM-P,076/SM-P,ポケモン,雷,サトシのピカチュウ,-,,アイアンテール,10まんボルト,A,33991,False,False
smp_080_SM-P,SM-P,080/SM-P,トレーナーズ,サポート,リーリエ,-,,,,A,34069,False,False
smp_081_SM-P,SM-P,081/SM-P,ポケモン,超,コスモッグ,-,,ちりあつめ,,A,34070,False,False
smp_083_SM-P,SM-P,083/SM-P,ポケモン,炎,ひかるホウオウ,-,きんのはばたき,だいもんじ,,A,34072,False,False
smp_084_SM-P,SM-P,084/SM-P,トレーナーズ,サポート,ロイヤルマスク,-,,,,A,34073,False,False
smp_085_SM-P,SM-P,085/SM-P,トレーナーズ,サポート,ロイヤルマスク,-,,,,A,34074,False,False
smp_086_SM-P,SM-P,086/SM-P,ポケモン,雷,サトシのピカチュウ,-,,キミにきめた,10まんボルト,A,34075,False,False
smp_088_SM-P,SM-P,088/SM-P,ポケモン,雷,トウホクのピカチュウ,-,,リニューアルオープン！,ほしのおまつり,A,34076,False,False
smp_089_SM-P,SM-P,089/SM-P,ポケモン,超,ジラーチ,-,,ゆめにいざなう,ごしきのねがい,A,34181,False,False
smp_108_SM-P,SM-P,108/SM-P,ポケモン,雷,ピカチュウ,-,,しっぽではたく,でんきショック,A,34077,False,False
smp_114_SM-P,SM-P,114/SM-P,ポケモン,雷,ピカチュウ,-,,でんじは,エレキボール,A,34203,False,False
smp_116_SM-P,SM-P,116/SM-P,ポケモン,闘,マーシャドーGX,-,シャドーハント,せいけんづき,GXワザ,A,34206,False,False
smp_120_SM-P,SM-P,120/SM-P,ポケモン,闘,タイプ：ヌル,-,,アーマープレス,スラッシュクロー,A,34226,False,False
smp_121_SM-P,SM-P,121/SM-P,ポケモン,闘,シルヴァディ,-,,ギアスキャン,シザークロス,A,34227,False,False
smp_122_SM-P,SM-P,122/SM-P,ポケモン,闘,シルヴァディGX,-,ジャイロユニット,ターボドライブ,GXワザ,A,34228,False,False
smp_123_SM-P,SM-P,123/SM-P,ポケモン,闘,マーシャドー,-,,かげのこだま,ふいをつく,A,34343,False,False
smp_124_SM-P,SM-P,124/SM-P,ポケモン,超,エーフィGX,-,,サイケこうせん,サイコキネシス,A,34212,False,False
smp_125_SM-P,SM-P,125/SM-P,ポケモン,闘,ブラッキーGX,-,,ひるがえす,シャドーバレット,A,34213,False,False
smp_126_SM-P,SM-P,126/SM-P,トレーナーズ,ポケモンのどうぐ,ムキムキダンベル,-,,,,A,34214,False,False
smp_137_SM-P,SM-P,137/SM-P,ポケモン,闘,ポンチョを着たイーブイ,-,,だくりゅう？,,A,34344,False,False
smp_138_SM-P,SM-P,138/SM-P,ポケモン,闘,ポンチョを着たイーブイ,-,,ミサイルばり？,,A,34345,False,False
smp_139_SM-P,SM-P,139/SM-P,ポケモン,闘,ポンチョを着たイーブイ,-,,ほのおのキバ？,,A,34346,False,False
smp_140_SM-P,SM-P,140/SM-P,ポケモン,闘,ポンチョを着たイーブイ,-,,サイコキネシス？,,A,34347,False,False
smp_141_SM-P,SM-P,141/SM-P,ポケモン,闘,ポンチョを着たイーブイ,-,,あやしいひかり？,,A,34348,False,False
smp_142_SM-P,SM-P,142/SM-P,ポケモン,闘,ポンチョを着たイーブイ,-,,リーフブレード？,,A,34349,False,False
smp_143_SM-P,SM-P,143/SM-P,ポケモン,闘,ポンチョを着たイーブイ,-,,こごえるかぜ？,,A,34350,False,False
smp_144_SM-P,SM-P,144/SM-P,ポケモン,闘,ポンチョを着たイーブイ,-,,ドレインキッス？,,A,34351,False,False
smp_148_SM-P,SM-P,148/SM-P,トレーナーズ,サポート,リーリエ,-,,,,A,34355,False,False
smp_149_SM-P,SM-P,149/SM-P,トレーナーズ,グッズ,ロトム図鑑,-,,,,A,34356,False,False
smp_155_SM-P,SM-P,155/SM-P,ポケモン,闘,マーシャドー,-,やぶれかぶれ,シャドーパンチ,,A,34539,False,False
smp_156_SM-P,SM-P,156/SM-P,ポケモン,草,フィオネ,-,うみのささやき,みずのはどう,,B,34540,False,False
smp_157_SM-P,SM-P,157/SM-P,ポケモン,雷,アローラライチュウ,-,,でんこうせっか,エレキサーフ,A,34541,False,False
smp_168_SM-P,SM-P,168/SM-P,ポケモン,雷,ピカチュウ,-,,しっぽではたく,でんきショック,A,34551,False,False
smp_179_SM-P,SM-P,179/SM-P,ポケモン,雷,ピカチュウ,-,,しっぽではたく,スパーク,A,34562,False,False
smp_180_SM-P,SM-P,180/SM-P,トレーナーズ,サポート,グズマ,-,,,,A,34563,False,False
smp_191_SM-P,SM-P,191/SM-P,ポケモン,雷,ボスごっこピカチュウ ロケット団,-,,しはいする？,ピカパンチ,B,34769,False,False
smp_192_SM-P,SM-P,192/SM-P,ポケモン,雷,ボスごっこピカチュウ アクア団,-,,うみのやぼう？,ピカパンチ,B,34770,False,False
smp_193_SM-P,SM-P,193/SM-P,ポケモン,水,ボスごっこピカチュウ マグマ団,-,,だいちのやぼう？,ピカパンチ,B,34771,False,False
smp_194_SM-P,SM-P,194/SM-P,ポケモン,雷,ボスごっこピカチュウ ギンガ団,-,,せかいをこわす？,ピカパンチ,B,34772,False,False
smp_195_SM-P,SM-P,195/SM-P,ポケモン,雷,ボスごっこピカチュウ プラズマ団,-,,かいほうする？,ピカパンチ,B,34773,False,False
smp_196_SM-P,SM-P,196/SM-P,ポケモン,雷,ボスごっこピカチュウ フレア団,-,,うつくしきせかい？,ピカパンチ,B,34774,False,False
smp_197_SM-P,SM-P,197/SM-P,ポケモン,雷,ボスごっこピカチュウ スカル団,-,,ブッこわす？,ピカパンチ,B,34775,False,False
smp_198_SM-P,SM-P,198/SM-P,ポケモン,無,ミミッキュ,-,,ものまね,じゃれつく,B,34776,False,False
smp_199_SM-P,SM-P,199/SM-P,ポケモン,雷,ピカチュウ,-,,ほっぺすりすり,でんげき,B,34777,False,False
smp_200_SM-P,SM-P,200/SM-P,ポケモン,雷,ピカチュウ,-,,げんきをだして,しっぽでたたく,B,36223,False,False
smp_207_SM-P,SM-P,207/SM-P,ポケモン,雷,ピカチュウ,-,,でんじは,エレキボール,A,34784,False,False
smp_208_SM-P,SM-P,208/SM-P,ポケモン,雷,袴姿のピカチュウ,-,,ごめんあそばせ,でんこうせっか,B,35289,False,False
smp_209_SM-P,SM-P,209/SM-P,ポケモン,炎,火消し姿のピカチュウ,-,,しょうか,でんこうせっか,B,35290,False,False
smp_210_SM-P,SM-P,210/SM-P,ポケモン,雷,紳士風のピカチュウ,-,,ニューオープン,ピカステッキ,B,35291,False,False
smp_211_SM-P,SM-P,211/SM-P,ポケモン,雷,桜アフロのピカチュウ,-,,さくらさく,ピカボルト,B,35292,False,False
smp_214_SM-P,SM-P,214/SM-P,ポケモン,雷,ピカチュウ,-,,しっぽではたく,でんきショック,A,34786,False,False
smp_219_SM-P,SM-P,219/SM-P,トレーナーズ,サポート,エーテル財団職員,-,,,,B,34791,False,False
smp_220_SM-P,SM-P,220/SM-P,ポケモン,超,ネクロズマGX,-,ひかりのおわり,プリズムバースト,GXワザ,A,34849,False,False
smp_223_SM-P,SM-P,223/SM-P,トレーナーズ,サポート,アセロラ,-,,,,A,34852,False,False
smp_224_SM-P,SM-P,224/SM-P,ポケモン,雷,ピカチュウ,-,,みんなでいわう,しっぽではたく,B,34922,False,False
smp_227_SM-P,SM-P,227/SM-P,ポケモン,雷,ピカチュウ,-,,バチバチ,そうだつせん,B,35222,False,False
smp_235_SM-P,SM-P,235/SM-P,トレーナーズ,グッズ,リターンラベル,-,,,,B,35027,False,False
smp_236_SM-P,SM-P,236/SM-P,ポケモン,竜,ウルトラネクロズマ,-,,シャイニングバースト,,B,35028,False,False
smp_237_SM-P,SM-P,237/SM-P,ポケモン,雷,ルギア,-,,パワーチャージ,ブラストウインド,B,35223,False,False
smp_238_SM-P,SM-P,238/SM-P,ポケモン,雷,ゼクロムGX,-,,アッパーバレット,らいじんげき,B,35224,False,False
smp_239_SM-P,SM-P,239/SM-P,ポケモン,雷,ゼクロムGX,-,,アッパーバレット,らいじんげき,B,35225,False,False
smp_240_SM-P,SM-P,240/SM-P,ポケモン,雷,ゼクロムGX,-,,アッパーバレット,らいじんげき,B,35226,False,False
smp_242_SM-P,SM-P,242/SM-P,ポケモン,雷,ピカチュウ,-,ピカガード,バチバチ,,B,35228,False,False
smp_243_SM-P,SM-P,243/SM-P,ポケモン,闘,イーブイ,-,,ともだちをさがす,けとばす,B,35229,False,False
smp_244_SM-P,SM-P,244/SM-P,トレーナーズ,サポート,ナリヤ・オーキド,-,,,,B,35230,False,False
smp_245_SM-P,SM-P,245/SM-P,ポケモン,闘,イーブイ,-,エナジーしんか,クイックドロー,,A,35231,False,False
smp_246_SM-P,SM-P,246/SM-P,トレーナーズ,サポート,マオ,-,,,,A,35029,False,False
smp_247_SM-P,SM-P,247/SM-P,ポケモン,闘,イーブイ,-,,フレンズパレット,,A,35232,False,False
smp_248_SM-P,SM-P,248/SM-P,トレーナーズ,スタジアム,プレイヤーズセレモニー,-,,,,B,35388,False,False
smp_249_SM-P,SM-P,249/SM-P,ポケモン,雷,ピカチュウ,-,,ともだちをさがす,かじる,B,35452,False,False
smp_250_SM-P,SM-P,250/SM-P,トレーナーズ,サポート,ウツギ博士のレクチャー,-,,,,B,35390,False,False
smp_255_SM-P,SM-P,255/SM-P,ポケモン,闘,アローラニャース,-,おはらいばこ,ひっかく,,B,35394,False,False
smp_256_SM-P,SM-P,256/SM-P,ポケモン,炎,ラティアス,-,,さいみんはどう,ミストボール,B,35395,False,False
smp_257_SM-P,SM-P,257/SM-P,ポケモン,竜,ラティオス,-,,エネドロー,ラスターパージ,B,35396,False,False
smp_258_SM-P,SM-P,258/SM-P,トレーナーズ,グッズ,エネルギースピナー,-,,,,B,35397,False,False
smp_262_SM-P,SM-P,262/SM-P,ポケモン,雷,ピカチュウ,-,,でんげき,,B,35236,False,False
smp_266_SM-P,SM-P,266/SM-P,トレーナーズ,サポート,シロナ,-,,,,B,35398,False,False
smp_268_SM-P,SM-P,268/SM-P,ポケモン,草,リーフィアGX,-,あおばのいぶき,ソーラービーム,GXワザ,B,35456,False,False
smp_269_SM-P,SM-P,269/SM-P,ポケモン,水,グレイシアGX,-,いてつくひとみ,フロストバレット,GXワザ,B,35457,False,False
smp_270_SM-P,SM-P,270/SM-P,ポケモン,雷,レッドのピカチュウ,-,,ボルテッカー,,B,35399,False,False
smp_271_SM-P,SM-P,271/SM-P,トレーナーズ,ポケモンのどうぐ,エスケープボード,-,,,,B,35458,False,False
smp_272_SM-P,SM-P,272/SM-P,トレーナーズ,グッズ,ともだちてちょう,-,,,,B,35459,False,False
smp_273_SM-P,SM-P,273/SM-P,トレーナーズ,サポート,ポケモンだいすきクラブ,-,,,,B,35460,False,False
smp_274_SM-P,SM-P,274/SM-P,ポケモン,炎,ブースター,-,,かみつく,ほのおのうず,C,35939,False,False
smp_275_SM-P,SM-P,275/SM-P,ポケモン,草,シャワーズ,-,,みずでっぽう,バブルドレイン,C,35940,False,False
smp_276_SM-P,SM-P,276/SM-P,ポケモン,雷,ピカチュウ,-,,でんきショック,,C,35941,False,False
smp_277_SM-P,SM-P,277/SM-P,ポケモン,炎,ファイヤー,-,,つばさでうつ,ゴッドバード,C,35942,False,False
smp_278_SM-P,SM-P,278/SM-P,ポケモン,水,フリーザー,-,,かぜおこし,ぜったいれいど,C,35943,False,False
smp_279_SM-P,SM-P,279/SM-P,ポケモン,雷,サンダー,-,,でんきショック,ドリルくちばし,C,35944,False,False
smp_280_SM-P,SM-P,280/SM-P,ポケモン,雷,ヨコハマのピカチュウ,-,,しんかいたんさ,しっぽではたく,B,35888,False,False
smp_281_SM-P,SM-P,281/SM-P,ポケモン,雷,ヨコハマのピカチュウ,-,,ゆうらん,でんげき,B,35889,False,False
smp_282_SM-P,SM-P,282/SM-P,ポケモン,雷,ヨコハマのピカチュウ,-,,リニューアルオープン！,トリプルスマッシュ,B,35890,False,False
smp_283_SM-P,SM-P,283/SM-P,ポケモン,雷,ヨコハマのピカチュウ,-,,なみまをはしる,エレキボール,B,35891,False,False
smp_286_SM-P,SM-P,286/SM-P,ポケモン,草,コダック,-,,さけび,,B,35892,False,False
smp_287_SM-P,SM-P,287/SM-P,ポケモン,闘,イーブイ,-,,さけび,,B,35893,False,False
smp_288_SM-P,SM-P,288/SM-P,ポケモン,雷,ピカチュウ,-,,さけび,,B,35894,False,False
smp_289_SM-P,SM-P,289/SM-P,ポケモン,超,ミミッキュ,-,,さけび,,B,35895,False,False
smp_290_SM-P,SM-P,290/SM-P,ポケモン,草,モクロー,-,,さけび,,B,35896,False,False
smp_291_SM-P,SM-P,291/SM-P,ポケモン,雷,ピカチュウ,-,,ごちそうタイム,かじる,C,36133,False,False
smp_295_SM-P,SM-P,295/SM-P,ポケモン,闘,イーブイ,-,,ともだちをさがす,けとばす,B,36137,False,False
smp_296_SM-P,SM-P,296/SM-P,トレーナーズ,サポート,フウとラン,-,,,,B,35897,False,False
smp_297_SM-P,SM-P,297/SM-P,ポケモン,闘,イーブイ&カビゴンGX,-,,おうえん,ダンププレス,C,36138,False,False
smp_304_SM-P,SM-P,304/SM-P,トレーナーズ,ポケモンのどうぐ,みみなりベル,-,,,,C,36145,False,False
smp_306_SM-P,SM-P,306/SM-P,ポケモン,闘,イーブイ,-,,こうきしん,ころころタックル,C,36218,False,False
smp_307_SM-P,SM-P,307/SM-P,ポケモン,雷,ピカチュウ,-,,しっぽではたく,でんきショック,A,36219,False,False
smp_308_SM-P,SM-P,308/SM-P,トレーナーズ,サポート,かんこうきゃく,-,,,,B,36220,False,False
smp_310_SM-P,SM-P,310/SM-P,ポケモン,闘,イーブイ,-,エナジーしんか,クイックドロー,,A,36222,False,False
smp_318_SM-P,SM-P,318/SM-P,トレーナーズ,サポート,カツラのクイズショー,-,,,,C,36429,False,False
smp_320_SM-P,SM-P,320/SM-P,トレーナーズ,サポート,あばれる君,-,,,,C,36643,False,False
smp_322_SM-P,SM-P,322/SM-P,ポケモン,炎,ジラーチ,-,ねがいぼし,ビンタ,,B,36431,False,False
smp_323_SM-P,SM-P,323/SM-P,ポケモン,悪,ニンフィアGX,-,,マジカルリボン,ようせいのかぜ,A,36432,False,False
smp_324_SM-P,SM-P,324/SM-P,トレーナーズ,サポート,エリカのおもてなし,-,,,,C,36433,False,False
smp_325_SM-P,SM-P,325/SM-P,ポケモン,雷,お茶会ごっこピカチュウ,-,,はなびらあつめ,エレキボール,C,36630,False,False
smp_326_SM-P,SM-P,326/SM-P,ポケモン,闘,イーブイ,-,,つっぱしる,,C,36631,False,False
smp_328_SM-P,SM-P,328/SM-P,トレーナーズ,グッズ,おとりよせパッド,-,,,,B,36633,False,False
smp_329_SM-P,SM-P,329/SM-P,トレーナーズ,グッズ,ともだちてちょう,-,,,,B,36634,False,False
smp_330_SM-P,SM-P,330/SM-P,トレーナーズ,グッズ,ポケモン通信,-,,,,C,36635,False,False
smp_331_SM-P,SM-P,331/SM-P,トレーナーズ,グッズ,モーモーミルク,-,,,,B,36636,False,False
smp_332_SM-P,SM-P,332/SM-P,トレーナーズ,ポケモンのどうぐ,こだわりメット,-,,,,B,36637,False,False
smp_333_SM-P,SM-P,333/SM-P,トレーナーズ,サポート,カヒリ,-,,,,B,36638,False,False
smp_334_SM-P,SM-P,334/SM-P,トレーナーズ,サポート,ジャッジマン,-,,,,B,36639,False,False
smp_335_SM-P,SM-P,335/SM-P,トレーナーズ,サポート,シロナ,-,,,,B,36640,False,False
smp_336_SM-P,SM-P,336/SM-P,トレーナーズ,サポート,ポケモンだいすきクラブ,-,,,,B,36641,False,False
smp_337_SM-P,SM-P,337/SM-P,ポケモン,雷,名探偵ピカチュウ,-,,さぐる,ふいをつく,C,36743,False,False
smp_338_SM-P,SM-P,338/SM-P,ポケモン,雷,名探偵ピカチュウ,-,,さぐる,ふいをつく,C,36744,False,False
smp_339_SM-P,SM-P,339/SM-P,ポケモン,雷,名探偵ピカチュウ,-,,コーヒーブレイク,どつく,C,36745,False,False
smp_341_SM-P,SM-P,341/SM-P,トレーナーズ,サポート,アンズ,-,,,,C,36747,False,False
smp_342_SM-P,SM-P,342/SM-P,ポケモン,超,ミュウ,-,ベンチバリア,サイコパワー,,C,36881,False,False
smp_359_SM-P,SM-P,359/SM-P,トレーナーズ,ポケモンのどうぐ,ドラゴンZ ドラゴンクロー,-,,ドラゴンバーンGX,,C,36898,False,False
smp_361_SM-P,SM-P,361/SM-P,ポケモン,超,セレビィ,-,,グレートコール,ねんりき,C,36900,False,False
smp_362_SM-P,SM-P,362/SM-P,トレーナーズ,サポート,エリカ,-,,,,C,36995,False,False
smp_363_SM-P,SM-P,363/SM-P,ポケモン,超,ミュウツーGX,-,,ちょうねんりき,GXワザ,C,36996,False,False
smp_364_SM-P,SM-P,364/SM-P,ポケモン,超,ミュウツーGX,-,,ちょうねんりき,GXワザ,C,36997,False,False
smp_365_SM-P,SM-P,365/SM-P,ポケモン,超,アーマードミュウツー,-,,サイコレイド,,C,36987,False,False
smp_366_SM-P,SM-P,366/SM-P,ポケモン,炎,リザードン,-,たけるとうき,れんぞくブレイズボール,,C,36901,False,False
smp_367_SM-P,SM-P,367/SM-P,ポケモン,雷,ピカチュウ,-,,でんこうせっか,10まんボルト,C,36902,False,False
smp_369_SM-P,SM-P,369/SM-P,ポケモン,雷,ピカチュウ,-,,でんこうせっか,10まんボルト,C,36988,False,False
smp_370_SM-P,SM-P,370/SM-P,トレーナーズ,サポート,レッドの挑戦,-,,,,C,36989,False,False
smp_371_SM-P,SM-P,371/SM-P,ポケモン,闘,イーブイ,-,,すごみをきかせる,たいあたり,C,36990,False,False
smp_376_SM-P,SM-P,376/SM-P,ポケモン,雷,ピカチュウ,-,,でんげき,,B,37056,False,False
smp_377_SM-P,SM-P,377/SM-P,ポケモン,雷,ピカチュウ,-,,でんげき,,B,37057,False,False
smp_378_SM-P,SM-P,378/SM-P,ポケモン,闘,イーブイ,-,,かじる,,B,37058,False,False
smp_381_SM-P,SM-P,381/SM-P,ポケモン,悪,ピッピ,-,,にんぎょうへんげ,,C,37062,False,False
smp_382_SM-P,SM-P,382/SM-P,ポケモン,草,リーフィア,-,,まんたんのかおり,リーフブレード,C,37180,False,False
smp_385_SM-P,SM-P,385/SM-P,ポケモン,水,グレイシア,-,,ゆきがくれ,ヒプノブリザード,C,37183,False,False
smp_388_SM-P,SM-P,388/SM-P,トレーナーズ,ポケモンのどうぐ,にじいろのはな,-,,,,C,37186,False,False
smp_390_SM-P,SM-P,390/SM-P,トレーナーズ,サポート,ハプウ,-,,,,C,37188,False,False
smp_392_SM-P,SM-P,392/SM-P,ポケモン,雷,海で遊ぶピカチュウ,-,,バチバチ,サマーウェーブ,C,37063,False,False
smp_393_SM-P,SM-P,393/SM-P,ポケモン,雷,ピカチュウGX,-,,こうそくいどう,ボルテッカー,C,37064,False,False
smp_394_SM-P,SM-P,394/SM-P,トレーナーズ,サポート,ハウ,-,,,,A,37190,False,False
smp_395_SM-P,SM-P,395/SM-P,トレーナーズ,サポート,アセロラ,-,,,,A,37191,False,False
smp_396_SM-P,SM-P,396/SM-P,トレーナーズ,サポート,グズマ,-,,,,A,37192,False,False
smp_397_SM-P,SM-P,397/SM-P,トレーナーズ,サポート,リーリエ,-,,,,A,37193,False,False
smp_398_SM-P,SM-P,398/SM-P,トレーナーズ,スタジアム,プレイヤーズセレモニー,-,,,,B,37194,False,False
smp_399_SM-P,SM-P,399/SM-P,ポケモン,闘,イーブイ,-,,かじる,おてだまスピン,C,37195,False,False
smp_400_SM-P,SM-P,400/SM-P,ポケモン,雷,ピカチュウ,-,,でんきショック,,C,37439,False,False
smp_401_SM-P,SM-P,401/SM-P,トレーナーズ,サポート,アローラの仲間たち,-,,,,C,37440,False,False
smp_407_SM-P,SM-P,407/SM-P,ポケモン,雷,漫才ごっこピカチュウ,-,,ニューオープン,,C,37204,False,False
smp_408_SM-P,SM-P,408/SM-P,ポケモン,悪,サーナイト,-,,まばゆいひかり,,C,37441,False,False
smp_dendo_SM-P,SM-P,SM-P,トレーナーズ,グッズ,殿堂の書,-,,,,A,34382,False,False
sm2p_050_049,SM2p,050/049,ポケモン,草,カプ・ブルルGX,SR,,つのでつく,しぜんのさばき,A,35640,False,False
sm2p_051_049,SM2p,051/049,ポケモン,炎,エンニュートGX,SR,,ましょうのツメ,ヒートブラスト,A,35641,False,False
sm5p_051_050,SM5p,051/050,ポケモン,草,パルキアGX,SR,,くうかんせいぎょ,ハイドロプレッシャー,B,35693,False,False
sm2k_051_050,SM2K,051/050,ポケモン,炎,バクガメスGX,SR,,トラップシェル,ぐれんのほのお,A,35635,False,False
sm7b_051_050,SM7b,051/050,ポケモン,草,ジュカインGX,SR,,おんそくぎり,リーフサイクロン,B,35738,False,False
sm4s_051_050,SM4S,051/050,ポケモン,雷,アローラゴローニャGX,SR,,ぶちかます,ちょうでんじタックル,A,35665,False,False
sm2l_051_050,SM2L,051/050,ポケモン,水,ヨワシGX,SR,,みずでっぽう,ばくりゅうのうず,A,35630,False,False
sm4a_051_050,SM4A,051/050,ポケモン,水,ギャラドスGX,SR,,たきのぼり,りゅうのわざわい,A,35670,False,False
sm2p_052_049,SM2p,052/049,ポケモン,水,カプ・レヒレGX,SR,,アクアリング,ハイドロシュート,A,35642,False,False
sm2k_052_050,SM2K,052/050,ポケモン,水,アローラキュウコンGX,SR,,こおりのやいば,ブリザードエッジ,A,35636,False,False
sm2l_052_050,SM2L,052/050,ポケモン,超,カプ・テテフGX,SR,ワンダータッチ,エナジードライブ,GXワザ,A,35631,False,False
sm5p_052_050,SM5p,052/050,ポケモン,超,アーゴヨンGX,SR,,ビーストレイド,ジェットタッカー,B,35694,False,False
sm4a_052_050,SM4A,052/050,ポケモン,超,ウツロイドGX,SR,うつろなひかり,とじこめる,GXワザ,A,35671,False,False
sm4s_052_050,SM4S,052/050,ポケモン,闘,マッシブーンGX,SR,,ジェットパンチ,ナックルインパクト,A,35666,False,False
sm7b_052_050,SM7b,052/050,ポケモン,雷,シンボラーGX,SR,ミラーカウンター,ソニックウイング,GXワザ,B,35739,False,False
sm1p_052_051,SM1p,052/051,ポケモン,草,ジュナイパーGX,SR,フェザーアロー,はっぱカッター,ホロウハントGX,A,35623,False,False
sm3n_052_051,SM3N,052/051,ポケモン,草,グソクムシャGX,SR,,であいがしら,アーマープレス,A,35654,False,False
sm3h_052_051,SM3H,052/051,ポケモン,炎,リザードンGX,SR,,つばさでうつ,ぐれんのあらし,A,35648,False,False
sm2p_053_049,SM2p,053/049,ポケモン,闘,カイリキーGX,SR,,ふりおろす,がんばんくずし,A,35643,False,False
sm4a_053_050,SM4A,053/050,ポケモン,闘,アクジキングGX,SR,,くいちらかす,タイラントホール,A,35672,False,False
sm2l_053_050,SM2L,053/050,ポケモン,草,ルガルガンGX,SR,ブラッディアイ,ツメできりさく,GXワザ,A,35632,False,False
sm4s_053_050,SM4S,053/050,ポケモン,炎,カミツルギGX,SR,きりすてる,はやてのたち,GXワザ,A,35667,False,False
sm2k_053_050,SM2K,053/050,ポケモン,雷,カプ・コケコGX,SR,エアロトレイル,てんくうのツメ,GXワザ,A,35637,False,False
sm7b_053_050,SM7b,053/050,ポケモン,悪,アローラキュウコンGX,SR,ふしぎなみちびき,はくぎんのかぜ,GXワザ,B,35740,False,False
sm5p_053_050,SM5p,053/050,ポケモン,闘,ルカリオGX,SR,,はどうげき,せんぷうきゃく,B,35695,False,False
sm3n_053_051,SM3N,053/051,ポケモン,超,ネクロズマGX,SR,ひかりのおわり,プリズムバースト,GXワザ,A,35655,False,False
sm3h_053_051,SM3H,053/051,ポケモン,炎,ホウオウGX,SR,,せいなるほのお,フェニックスバーン,A,35649,False,False
sm1p_053_051,SM1p,053/051,ポケモン,炎,ガオガエンGX,SR,,ハッスルブロー,タイガースイング,A,35624,False,False
sm8a_053_052,SM8a,053/052,ポケモン,雷,デンリュウGX,SR,,パワーリチャージ,インパクトボルト,B,35752,False,False
sm2p_054_049,SM2p,054/049,ポケモン,草,ルガルガンGX,SR,,かみくだく,アクセルロック,A,35644,False,False
sm4a_054_050,SM4A,054/050,ポケモン,草,アローラナッシーGX,SR,,トロピカルヘッド,ドラゴンハンマー,A,35673,False,False
sm2l_054_050,SM2L,054/050,ポケモン,炎,メタグロスGX,SR,ジオテックシステム,ギガハンマー,GXワザ,A,35633,False,False
sm2k_054_050,SM2K,054/050,ポケモン,雷,ジャラランガGX,SR,,こんごうプレス,ひきさく,A,35638,False,False
sm4s_054_050,SM4S,054/050,ポケモン,闘,シルヴァディGX,SR,ジャイロユニット,ターボドライブ,GXワザ,A,35668,False,False
sm7b_054_050,SM7b,054/050,ポケモン,無,ミミッキュGX,SR,,まどわす,ぽかぼかフォール,B,35741,False,False
sm5p_054_050,SM5p,054/050,ポケモン,炎,ディアルガGX,SR,,クロックアップ,ひきさく,B,35696,False,False
sm3n_054_051,SM3N,054/051,ポケモン,闘,マーシャドーGX,SR,シャドーハント,せいけんづき,GXワザ,A,35656,False,False
sm3h_054_051,SM3H,054/051,ポケモン,闘,アローラベトベトンGX,SR,,ケミカルブレス,かみくだく,A,35650,False,False
sm1p_054_051,SM1p,054/051,ポケモン,草,アシレーヌGX,SR,,バブルビート,うみなり,A,35625,False,False
sm8a_054_052,SM8a,054/052,ポケモン,闘,フーパGX,SR,,ローグリング,ダークストライク,B,35753,False,False
sm6a_054_053,SM6a,054/053,ポケモン,炎,レシラムGX,SR,,ニトロチャージ,しゃくねつのはしら,B,35707,False,False
sm2p_055_049,SM2p,055/049,ポケモン,闘,ダークライGX,SR,リザレクション,やみのさけめ,GXワザ,A,35645,False,False
sm3h_055_051,SM3H,055/051,ポケモン,超,オンバーンGX,SR,,ディストーション,ラウドソニック,A,35651,False,False
sm1p_055_051,SM1p,055/051,ポケモン,雷,クワガノンGX,SR,,チャージビーム,ちょうでんじほう,A,35626,False,False
sm3n_055_051,SM3N,055/051,ポケモン,悪,サーナイトGX,SR,ひみつのいずみ,インフィニットフォース,GXワザ,A,35657,False,False
sm8a_055_052,SM8a,055/052,ポケモン,闘,ガオガエンGX,SR,スカーチャージ,クラッシュパンチ,GXワザ,B,35754,False,False
sm6a_055_053,SM6a,055/053,ポケモン,草,キングドラGX,SR,,ハイドロポンプ,ぎゃくふんしゃ,B,35708,False,False
sm10a_055_054,SM10a,055/054,ポケモン,炎,ヒードランGX,SR,バーニングロード,ばくねつスタンプ,GXワザ,C,36710,False,False
sm9b_055_054,SM9b,055/054,ポケモン,草,フェローチェ&マッシブーンGX,SR,,ジェットパンチ,エレガントソール,C,36415,False,False
sm10b_055_054,SM10b,055/054,ポケモン,草,モクロー&アローラナッシーGX,SR,,スーパーグロウ,やすらぎハリケーン,C,36873,False,False
sm1p_056_051,SM1p,056/051,ポケモン,超,ドヒドイデGX,SR,,とげキャノン,げきヤバポイズン,A,35627,False,False
sm8a_056_052,SM8a,056/052,ポケモン,炎,コバルオンGX,SR,メタルシンボル,デュエルセーバー,GXワザ,B,35755,False,False
sm6a_056_053,SM6a,056/053,ポケモン,竜,カイリューGX,SR,,ドラゴンクロー,ギガインパクト,B,35709,False,False
sm9b_056_054,SM9b,056/054,ポケモン,草,フェローチェ&マッシブーンGX,SR,,ジェットパンチ,エレガントソール,C,36416,False,False
sm10a_056_054,SM10a,056/054,ポケモン,雷,ライチュウ&アローラライチュウGX,SR,,タンデムショック,GXワザ,C,36711,False,False
sm10b_056_054,SM10b,056/054,ポケモン,草,モクロー&アローラナッシーGX,SR,,スーパーグロウ,やすらぎハリケーン,C,36874,False,False
sm9a_056_055,SM9a,056/055,ポケモン,草,モルフォンGX,SR,,しのびのごくい,GXワザ,C,36312,False,False
sm1p_057_051,SM1p,057/051,ポケモン,悪,ニンフィアGX,SR,,マジカルリボン,ようせいのかぜ,A,35628,False,False
sm6a_057_053,SM6a,057/053,ポケモン,炎,ホワイトキュレムGX,SR,,ひきさく,いかりのやいば,B,35710,False,False
sm10a_057_054,SM10a,057/054,ポケモン,雷,ライチュウ&アローラライチュウGX,SR,,タンデムショック,GXワザ,C,36712,False,False
sm10b_057_054,SM10b,057/054,ポケモン,草,ケルディオGX,SR,ホーリーハート,ソニックエッジ,GXワザ,C,36875,False,False
sm9b_057_054,SM9b,057/054,ポケモン,草,カメックスGX,SR,かたいこうら,ロケットスプラッシュ,GXワザ,C,36417,False,False
sm9a_057_055,SM9a,057/055,ポケモン,雷,デデンネGX,SR,デデチェンジ,バチバチ,GXワザ,C,36313,False,False
sm1p_058_051,SM1p,058/051,ポケモン,闘,ジジーロンGX,SR,,ホーリーエッジ,ぎゃくじょう,A,35629,False,False
sm10b_058_054,SM10b,058/054,ポケモン,雷,アーゴヨンGX,SR,ウルトラへんかん,ベノムシュート,GXワザ,C,36876,False,False
sm9b_058_054,SM9b,058/054,ポケモン,炎,ルカリオ&メルメタルGX,SR,,こうてつのこぶし,ヘビーインパクト,C,36418,False,False
sm10a_058_054,SM10a,058/054,ポケモン,炎,クチートGX,SR,みわくのウインク,ハッスルバイト,GXワザ,C,36713,False,False
sm9a_058_055,SM9a,058/055,ポケモン,闘,ゲッコウガ&ゾロアークGX,SR,,あくのはどう,GXワザ,C,36314,False,False
sm10b_059_054,SM10b,059/054,ポケモン,炎,ファイヤー&サンダー&フリーザーGX,SR,,トリニティバーン,GXワザ,C,36877,False,False
sm10a_059_054,SM10a,059/054,ポケモン,闘,ガブリアス&ギラティナGX,SR,,ちょくげきだん,カラミティエッジ,C,36714,False,False
sm9b_059_054,SM9b,059/054,ポケモン,炎,ルカリオ&メルメタルGX,SR,,こうてつのこぶし,ヘビーインパクト,C,36419,False,False
sm9a_059_055,SM9a,059/055,ポケモン,闘,ゲッコウガ&ゾロアークGX,SR,,あくのはどう,GXワザ,C,36315,False,False
sm10a_060_054,SM10a,060/054,ポケモン,闘,ガブリアス&ギラティナGX,SR,,ちょくげきだん,カラミティエッジ,C,36715,False,False
sm10b_060_054,SM10b,060/054,ポケモン,炎,ファイヤー&サンダー&フリーザーGX,SR,,トリニティバーン,GXワザ,C,36878,False,False
sm9b_060_054,SM9b,060/054,ポケモン,雷,テッカグヤGX,SR,フォースキャンセラー,パワーサイクロン,GXワザ,C,36420,False,False
sm9a_060_055,SM9a,060/055,ポケモン,悪,サーナイト&ニンフィアGX,SR,,ようせいのうた,カレイドストーム,C,36316,False,False
sm9a_061_055,SM9a,061/055,ポケモン,悪,サーナイト&ニンフィアGX,SR,,ようせいのうた,カレイドストーム,C,36317,False,False
sm7a_061_060,SM7a,061/060,ポケモン,草,ビリジオンGX,SR,,ダブルドロー,センシングブレード,B,35732,False,False
sm1s_061_060,SM1S,061/060,ポケモン,草,ラプラスGX,SR,,もってくる,ブリザードバーン,A,35611,False,False
sm1m_061_060,SM1M,061/060,ポケモン,草,ラランテスGX,SR,,フラワーサプライ,ソーラーブレード,A,35617,False,False
sm11b_062_049,SM11b,062/049,ポケモン,草,ラフレシアGX,SR,かおるはなぞの,だいかいか,GXワザ,C,37172,False,False
sm1s_062_060,SM1S,062/060,ポケモン,超,エーフィGX,SR,,サイケこうせん,サイコキネシス,A,35612,False,False
sm7a_062_060,SM7a,062/060,ポケモン,炎,マグカルゴGX,SR,クラッシュチャージ,ようがんりゅう,GXワザ,B,35733,False,False
sm1m_062_060,SM1M,062/060,ポケモン,闘,ルナアーラGX,SR,サイコトランス,シャドーレイ,GXワザ,A,35618,False,False
sm11b_063_049,SM11b,063/049,ポケモン,超,ソルガレオ&ルナアーラGX,SR,,コズミックバーン,GXワザ,C,37173,False,False
sm1s_063_060,SM1S,063/060,ポケモン,炎,ソルガレオGX,SR,ウルトラロード,メテオドライブ,GXワザ,A,35613,False,False
sm1m_063_060,SM1M,063/060,ポケモン,闘,ブラッキーGX,SR,,ひるがえす,シャドーバレット,A,35619,False,False
sm7a_063_060,SM7a,063/060,ポケモン,雷,ゼラオラGX,SR,じんらいゾーン,プラズマフィスト,GXワザ,B,35734,False,False
sm11b_064_049,SM11b,064/049,ポケモン,炎,レシラム&ゼクロムGX,SR,,らいえんむそう,GXワザ,C,37174,False,False
sm1s_064_060,SM1S,064/060,ポケモン,闘,デカグースGX,SR,ガサいれ,とびだしヘッド,GXワザ,A,35614,False,False
sm7a_064_060,SM7a,064/060,ポケモン,炎,ゲノセクトGX,SR,ダブルカセット,さくれつだん,GXワザ,B,35735,False,False
sm1m_064_060,SM1M,064/060,ポケモン,闘,ケンタロスGX,SR,,いかり,つのでつく,A,35620,False,False
sm11b_065_049,SM11b,065/049,ポケモン,闘,シルヴァディGX,SR,ディスクリロード,バディブレイブ,GXワザ,C,37175,False,False
sm11a_065_064,SM11a,065/064,ポケモン,草,フシギバナ&ツタージャGX,SR,かがやくつる,フォレストダンプ,GXワザ,C,37047,False,False
sm11a_066_064,SM11a,066/064,ポケモン,草,フシギバナ&ツタージャGX,SR,かがやくつる,フォレストダンプ,GXワザ,C,37048,False,False
sm11a_067_064,SM11a,067/064,ポケモン,炎,リザードン&テールナーGX,SR,,シャイニーフレア,GXワザ,C,37049,False,False
sm6b_067_066,SM6b,067/066,ポケモン,水,フリーザーGX,SR,でんせつのひしょう,アイスウイング,GXワザ,B,35713,False,False
sm5m_067_066,SM5M,067/066,ポケモン,水,グレイシアGX,SR,いてつくひとみ,フロストバレット,GXワザ,B,35687,False,False
sm5s_067_066,SM5S,067/066,ポケモン,草,リーフィアGX,SR,あおばのいぶき,ソーラービーム,GXワザ,B,35681,False,False
sm11a_068_064,SM11a,068/064,ポケモン,炎,リザードン&テールナーGX,SR,,シャイニーフレア,GXワザ,C,37050,False,False
sm6b_068_066,SM6b,068/066,ポケモン,雷,マルマインGX,SR,エネエネボンバー,エレキボール,GXワザ,B,35714,False,False
sm5m_068_066,SM5M,068/066,ポケモン,闘,ネクロズマ あかつきのつばさGX,SR,インベイジョン,やみのせんこう,GXワザ,B,35688,False,False
sm5s_068_066,SM5S,068/066,ポケモン,炎,ネクロズマ たそがれのたてがみGX,SR,,ツメできりさく,メテオテンペスト,B,35682,False,False
sm11a_069_064,SM11a,069/064,ポケモン,草,カメックス&ポッチャマGX,SR,,スプラッシュメーカー,GXワザ,C,37051,False,False
sm6b_069_066,SM6b,069/066,ポケモン,超,バリヤードGX,SR,パールバリア,ブレイクダウン,GXワザ,B,35715,False,False
sm5m_069_066,SM5M,069/066,ポケモン,水,パルキアGX,SR,,くうかんせいぎょ,ハイドロプレッシャー,B,35689,False,False
sm5s_069_066,SM5S,069/066,ポケモン,鋼,ディアルガGX,SR,,クロックアップ,ひきさく,B,35683,False,False
sm11a_070_064,SM11a,070/064,ポケモン,草,カメックス&ポッチャマGX,SR,,スプラッシュメーカー,GXワザ,C,37052,False,False
sm6b_070_066,SM6b,070/066,ポケモン,闘,ジュペッタGX,SR,シャドームーブ,かげのじゅもん,GXワザ,B,35716,False,False
sm11a_071_064,SM11a,071/064,ポケモン,闘,アローラペルシアンGX,SR,ドヤがお,ツメできりさく,GXワザ,C,37053,False,False
sm6b_071_066,SM6b,071/066,ポケモン,炎,ハッサムGX,SR,きけんしょく,はがねのつばさ,GXワザ,B,35717,False,False
sm6b_072_066,SM6b,072/066,ポケモン,炎,ボーマンダGX,SR,ドラゴンフロート,ぐれんのほのお,GXワザ,B,35718,False,False
sm3p_073_072,SM3p,073/072,ポケモン,炎,エンテイGX,SR,,かえん,ほのおのキバ,A,35660,False,False
sm3p_074_072,SM3p,074/072,ポケモン,雷,ライチュウGX,SR,,パワフルスパーク,かみなり,A,35661,False,False
sm3p_075_072,SM3p,075/072,ポケモン,超,ミュウツーGX,SR,,フルバースト,ちょうきゅうしゅう,A,35662,False,False
sm3p_076_072,SM3p,076/072,ポケモン,闘,ゾロアークGX,SR,とりひき,ライオットビート,GXワザ,A,35663,False,False
sm11_095_094,SM11,095/094,ポケモン,草,ヤドン&コダックGX,SR,,ぽいぽいスプラッシュ,GXワザ,C,36969,False,False
sm6_095_094,SM6,095/094,ポケモン,草,ゲッコウガGX,SR,ふうましゅりけん,おぼろぎり,GXワザ,B,35699,False,False
sm11_096_094,SM11,096/094,ポケモン,草,ヤドン&コダックGX,SR,,ぽいぽいスプラッシュ,GXワザ,C,36976,False,False
sm6_096_094,SM6,096/094,ポケモン,草,ジガルデGX,SR,,セルコネクター,グランドフォース,B,35700,False,False
sm12_096_095,SM12,096/095,ポケモン,炎,ウルガモスGX,SR,れっかだん,バックファイヤー,GXワザ,C,37378,False,False
sm10_096_095,SM10,096/095,ポケモン,炎,レシラム&リザードンGX,SR,,げきりん,フレアストライク,C,36644,False,False
sm9_096_095,SM9,096/095,ポケモン,草,セレビィ&フシギバナGX,SR,,きけんなかふん,ソーラービーム,C,36201,False,False
sm8_096_095,SM8,096/095,ポケモン,草,ツボツボGX,SR,まもりのツボ,さんばいどく,GXワザ,B,35744,False,False
sm11_097_094,SM11,097/094,ポケモン,超,ミュウツー&ミュウGX,SR,パーフェクション,,,C,36977,False,False
sm6_097_094,SM6,097/094,ポケモン,雷,イベルタルGX,SR,,せいきをすいとる,イビルソニック,B,35701,False,False
sm8_097_095,SM8,097/095,ポケモン,炎,ズガドーンGX,SR,,さくれつバーナー,ビックリヘッド,B,35745,False,False
sm10_097_095,SM10,097/095,ポケモン,炎,レシラム&リザードンGX,SR,,げきりん,フレアストライク,C,36645,False,False
sm12_097_095,SM12,097/095,ポケモン,闘,オドリドリGX,SR,たむけのまい,するどいはね,GXワザ,C,37379,False,False
sm9_097_095,SM9,097/095,ポケモン,草,セレビィ&フシギバナGX,SR,,きけんなかふん,ソーラービーム,C,36202,False,False
sm7_097_096,SM7,097/096,ポケモン,草,ダーテングGX,SR,,まどわす,じんつうりき,B,35724,False,False
sm11_098_094,SM11,098/094,ポケモン,超,ミュウツー&ミュウGX,SR,パーフェクション,,,C,36978,False,False
sm6_098_094,SM6,098/094,ポケモン,悪,ゼルネアスGX,SR,,かけぬける,オーロラホーン,B,35702,False,False
sm12_098_095,SM12,098/095,ポケモン,草,フライゴンGX,SR,さじんのまもり,デザートハリケーン,GXワザ,C,37380,False,False
sm8_098_095,SM8,098/095,ポケモン,草,スイクンGX,SR,げんえいのかぜ,キュアストリーム,GXワザ,B,35746,False,False
sm9_098_095,SM9,098/095,ポケモン,草,コイキング&ホエルオーGX,SR,,スーパースプラッシュ,キングザブーンGX,C,36203,False,False
sm10_098_095,SM10,098/095,ポケモン,超,ベトベトン&アローラベトベトンGX,SR,,バッドポイズン,どくしゃぶり,C,36646,False,False
sm7_098_096,SM7,098/096,ポケモン,炎,バシャーモGX,SR,,きりさく,ばくえんきゃく,B,35725,False,False
sm11_099_094,SM11,099/094,ポケモン,超,ラティオスGX,SR,パワーバインド,タッグパージ,GXワザ,C,36979,False,False
sm6_099_094,SM6,099/094,ポケモン,超,ウルトラネクロズマGX,SR,,フォトンゲイザー,GXワザ,B,35703,False,False
sm8_099_095,SM8,099/095,ポケモン,闘,バンギラスGX,SR,ロストアウト,あばれさじん,GXワザ,B,35747,False,False
sm12_099_095,SM12,099/095,ポケモン,水,アルセウス&ディアルガ&パルキアGX,SR,,アルティメットレイ,GXワザ,C,37381,False,False
sm10_099_095,SM10,099/095,ポケモン,超,ベトベトン&アローラベトベトンGX,SR,,バッドポイズン,どくしゃぶり,C,36647,False,False
sm9_099_095,SM9,099/095,ポケモン,草,コイキング&ホエルオーGX,SR,,スーパースプラッシュ,キングザブーンGX,C,36204,False,False
sm7_099_096,SM7,099/096,ポケモン,炎,ツンデツンデGX,SR,ウルトラウォール,ギガトンスタンプ,GXワザ,B,35726,False,False
sm11_100_094,SM11,100/094,ポケモン,草,プテラGX,SR,げんしのかぜ,ロックスマッシュ,GXワザ,C,36980,False,False
sm8_100_095,SM8,100/095,ポケモン,雷,ルギアGX,SR,,サイコキネシス,わだつみのやいば,B,35748,False,False
sm12_100_095,SM12,100/095,ポケモン,水,アルセウス&ディアルガ&パルキアGX,SR,,アルティメットレイ,GXワザ,C,37382,False,False
sm9_100_095,SM9,100/095,ポケモン,雷,ピカチュウ&ゼクロムGX,SR,,フルドライブ,タッグボルトGX,C,36205,False,False
sm10_100_095,SM10,100/095,ポケモン,闘,マーシャドー&カイリキーGX,SR,,リベンジ,ひゃくれつインパクト,C,36648,False,False
sm7_100_096,SM7,100/096,ポケモン,竜,チルタリスGX,SR,,ブライトトーン,ソニックエッジ,B,35727,False,False
sm11_101_094,SM11,101/094,ポケモン,闘,メガヤミラミ&バンギラスGX,SR,,グリードクラッシュ,GXワザ,C,36981,False,False
sm10_101_095,SM10,101/095,ポケモン,闘,マーシャドー&カイリキーGX,SR,,リベンジ,ひゃくれつインパクト,C,36649,False,False
sm12_101_095,SM12,101/095,ポケモン,超,アーゴヨン&アクジキングGX,SR,ぼうしょく,ジェットピアス,GXワザ,C,37383,False,False
sm9_101_095,SM9,101/095,ポケモン,雷,ピカチュウ&ゼクロムGX,SR,,フルドライブ,タッグボルトGX,C,36206,False,False
sm7_101_096,SM7,101/096,ポケモン,草,レックウザGX,SR,しっぷうどとう,ドラゴンブレイク,GXワザ,B,35728,False,False
sm11_102_094,SM11,102/094,ポケモン,闘,メガヤミラミ&バンギラスGX,SR,,グリードクラッシュ,GXワザ,C,36982,False,False
sm12_102_095,SM12,102/095,ポケモン,超,アーゴヨン&アクジキングGX,SR,ぼうしょく,ジェットピアス,GXワザ,C,37384,False,False
sm10_102_095,SM10,102/095,ポケモン,雷,ドンカラスGX,SR,よるのしはいしゃ,フェザーストーム,GXワザ,C,36650,False,False
sm9_102_095,SM9,102/095,ポケモン,闘,ゲンガー&ミミッキュGX,SR,,ポルターガイスト,ホラーハウスGX,C,36207,False,False
sm11_103_094,SM11,103/094,ポケモン,竜,カイリューGX,SR,,ドラゴンクロー,てんくうのさばき,C,36983,False,False
sm9_103_095,SM9,103/095,ポケモン,闘,ゲンガー&ミミッキュGX,SR,,ポルターガイスト,ホラーハウスGX,C,36208,False,False
sm12_103_095,SM12,103/095,ポケモン,闘,メガミミロップ&プリンGX,SR,,ジャンピングバルーン,GXワザ,C,37385,False,False
sm10_103_095,SM10,103/095,ポケモン,悪,エルフーンGX,SR,ふわふわコットン,エナジーブロー,GXワザ,C,36651,False,False
sm12_104_095,SM12,104/095,ポケモン,闘,メガミミロップ&プリンGX,SR,,ジャンピングバルーン,GXワザ,C,37386,False,False
sm10_104_095,SM10,104/095,ポケモン,闘,ペルシアンGX,SR,キャットウォーク,ふくしゅう,GXワザ,C,36652,False,False
sm9_104_095,SM9,104/095,ポケモン,竜,ラティアス&ラティオスGX,SR,,バスターパージ,エアロユニットGX,C,36209,False,False
sm9_105_095,SM9,105/095,ポケモン,竜,ラティアス&ラティオスGX,SR,,バスターパージ,エアロユニットGX,C,36210,False,False
sm9_106_095,SM9,106/095,ポケモン,闘,イーブイ&カビゴンGX,SR,,おうえん,ダンププレス,C,36211,False,False
sm4p_115_114,SM4p,115/114,ポケモン,草,フェローチェGX,SR,,ファストレイド,クルーエルスパイク,A,35675,False,False
sm4p_116_114,SM4p,116/114,ポケモン,雷,デンジュモクGX,SR,フラッシュヘッド,ランブルワイヤー,GXワザ,A,35676,False,False
sm4p_117_114,SM4p,117/114,ポケモン,雷,テッカグヤGX,SR,,ロケットフォール,ムーンプレス,A,35677,False,False
sm12a_174_173,SM12a,174/173,ポケモン,水,ヨワシGX,SR,,ぎょぐんストーム,GXワザ,C,37442,False,False
sm12a_175_173,SM12a,175/173,ポケモン,雷,デデンネGX,SR,デデチェンジ,バチバチ,GXワザ,C,37443,False,False
sm12a_176_173,SM12a,176/173,ポケモン,超,エーフィ&デオキシスGX,SR,,サイコサークル,GXワザ,C,37444,False,False
sm12a_177_173,SM12a,177/173,ポケモン,超,エーフィ&デオキシスGX,SR,,サイコサークル,GXワザ,C,37445,False,False
sm12a_178_173,SM12a,178/173,ポケモン,闘,オーロット&ヨノワールGX,SR,,ナイトウォッチャー,GXワザ,C,37446,False,False
sm12a_179_173,SM12a,179/173,ポケモン,闘,オーロット&ヨノワールGX,SR,,ナイトウォッチャー,GXワザ,C,37447,False,False
sm12a_180_173,SM12a,180/173,ポケモン,超,ジラーチGX,SR,サイキックゾーン,ほしさがし,GXワザ,C,37448,False,False
sm12a_181_173,SM12a,181/173,ポケモン,闘,ブラッキー&ダークライGX,SR,,ブラックランス,GXワザ,C,37449,False,False
sm12a_182_173,SM12a,182/173,ポケモン,闘,ブラッキー&ダークライGX,SR,,ブラックランス,GXワザ,C,37450,False,False
sm12a_183_173,SM12a,183/173,ポケモン,闘,マニューラGX,SR,シャドーコネクション,ツメできりさく,GXワザ,C,37451,False,False
sm12a_184_173,SM12a,184/173,ポケモン,炎,メルメタルGX,SR,ハードコート,メタルブラスト,GXワザ,C,37452,False,False
sm12a_185_173,SM12a,185/173,ポケモン,悪,トゲピー&ピィ&ププリンGX,SR,,ころがりパニック,GXワザ,C,37453,False,False
sm12a_186_173,SM12a,186/173,ポケモン,悪,トゲピー&ピィ&ププリンGX,SR,,ころがりパニック,GXワザ,C,37454,False,False
sm12a_187_173,SM12a,187/173,ポケモン,闘,イーブイGX,SR,かくせいDNA,ブーストダッシュ,GXワザ,C,37455,False,False
sm12a_188_173,SM12a,188/173,ポケモン,闘,イーブイGX,SR,かくせいDNA,ブーストダッシュ,GXワザ,C,37456,False,False
smp2_025_024,SMP2,025/024,トレーナーズ,サポート,ヨシダ警部補,SR,,,,C,36742,False,False
sm2l_055_050,SM2L,055/050,トレーナーズ,サポート,マオ,SR,,,,A,35634,False,False
sm5p_055_050,SM5p,055/050,トレーナーズ,サポート,ウルトラ調査隊,SR,,,,B,35697,False,False
sm7b_055_050,SM7b,055/050,トレーナーズ,サポート,マツバ,SR,,,,B,35742,False,False
sm2k_055_050,SM2K,055/050,トレーナーズ,サポート,ハラ,SR,,,,A,35639,False,False
sm4a_055_050,SM4A,055/050,トレーナーズ,サポート,ルザミーネ,SR,,,,A,35674,False,False
sm4s_055_050,SM4S,055/050,トレーナーズ,サポート,グラジオ,SR,,,,A,35669,False,False
sm2p_056_049,SM2p,056/049,トレーナーズ,サポート,アセロラ,SR,,,,A,35646,False,False
sm5p_056_050,SM5p,056/050,トレーナーズ,サポート,マキシ,SR,,,,B,35698,False,False
sm7b_056_050,SM7b,056/050,トレーナーズ,サポート,マツリカ,SR,,,,B,35743,False,False
sm3n_056_051,SM3N,056/051,トレーナーズ,サポート,グズマ,SR,,,,A,35658,False,False
sm3h_056_051,SM3H,056/051,トレーナーズ,サポート,カキ,SR,,,,A,35652,False,False
sm2p_057_049,SM2p,057/049,トレーナーズ,サポート,マーマネ,SR,,,,A,35647,False,False
sm3h_057_051,SM3H,057/051,トレーナーズ,サポート,プルメリ,SR,,,,A,35653,False,False
sm3n_057_051,SM3N,057/051,トレーナーズ,サポート,ビッケ,SR,,,,A,35659,False,False
sm8a_057_052,SM8a,057/052,トレーナーズ,サポート,クチナシ,SR,,,,B,35756,False,False
sm8a_058_052,SM8a,058/052,トレーナーズ,サポート,ミカン,SR,,,,B,35757,False,False
sm6a_058_053,SM6a,058/053,トレーナーズ,サポート,カツラの一発勝負,SR,,,,B,35711,False,False
xy11-bb_058_054,XY11-Bb,058/054,トレーナーズ,サポート,ポケモンレンジャー,SR,,,,A,35853,False,False
sm6a_059_053,SM6a,059/053,トレーナーズ,サポート,ヒガナ,SR,,,,B,35712,False,False
sm9b_061_054,SM9b,061/054,トレーナーズ,サポート,ブルーの探索,SR,,,,C,36421,False,False
sm10a_061_054,SM10a,061/054,トレーナーズ,サポート,ギーマ,SR,,,,C,36716,False,False
sm10b_061_054,SM10b,061/054,トレーナーズ,サポート,かいじゅうマニア,SR,,,,C,36879,False,False
sm10b_062_054,SM10b,062/054,トレーナーズ,サポート,ムサシとコジロウ,SR,,,,C,36880,False,False
sm9b_062_054,SM9b,062/054,トレーナーズ,サポート,マーレイン,SR,,,,C,36422,False,False
sm10a_062_054,SM10a,062/054,トレーナーズ,サポート,コーチトレーナー,SR,,,,C,36717,False,False
sm9a_062_055,SM9a,062/055,トレーナーズ,サポート,アンズ,SR,,,,C,36318,False,False
sm9a_063_055,SM9a,063/055,トレーナーズ,サポート,キョウの罠,SR,,,,C,36319,False,False
xy8-br_064_059,XY8-Br,064/059,トレーナーズ,サポート,サカキの計画,SR,,,,A,35832,False,False
xy8-bb_064_059,XY8-Bb,064/059,トレーナーズ,サポート,アズサ,SR,,,,A,35827,False,False
sm1m_065_060,SM1M,065/060,トレーナーズ,サポート,スカル団のしたっぱ,SR,,,,A,35621,False,False
sm1s_065_060,SM1S,065/060,トレーナーズ,サポート,イリマ,SR,,,,A,35615,False,False
sm7a_065_060,SM7a,065/060,トレーナーズ,サポート,カヒリ,SR,,,,B,35736,False,False
sm11b_066_049,SM11b,066/049,トレーナーズ,サポート,Nの覚悟,SR,,,,C,37176,False,False
sm7a_066_060,SM7a,066/060,トレーナーズ,サポート,ジャッジマン,SR,,,,B,35737,False,False
sm1s_066_060,SM1S,066/060,トレーナーズ,サポート,ククイ博士,SR,,,,A,35616,False,False
sm1m_066_060,SM1M,066/060,トレーナーズ,サポート,リーリエ,SR,,,,A,35622,False,False
sm11b_067_049,SM11b,067/049,トレーナーズ,サポート,メイ,SR,,,,C,37177,False,False
sm11b_068_049,SM11b,068/049,トレーナーズ,サポート,リーリエの全力,SR,,,,C,37178,False,False
sm5m_070_066,SM5M,070/066,トレーナーズ,サポート,シロナ,SR,,,,B,35690,False,False
sm5s_070_066,SM5S,070/066,トレーナーズ,サポート,ナタネ,SR,,,,B,35684,False,False
sm5s_071_066,SM5S,071/066,トレーナーズ,サポート,ポケモンだいすきクラブ,SR,,,,B,35685,False,False
sm5m_071_066,SM5M,071/066,トレーナーズ,サポート,デンジ,SR,,,,B,35691,False,False
sm11a_072_064,SM11a,072/064,トレーナーズ,サポート,オーキド博士のセッティング,SR,,,,C,37054,False,False
sm5s_072_066,SM5S,072/066,トレーナーズ,サポート,マーズ,SR,,,,B,35686,False,False
sm5m_072_066,SM5M,072/066,トレーナーズ,サポート,ハンサム,SR,,,,B,35692,False,False
sm11a_073_064,SM11a,073/064,トレーナーズ,サポート,ローラースケーター,SR,,,,C,37055,False,False
sm6b_073_066,SM6b,073/066,トレーナーズ,サポート,地底探険隊,SR,,,,B,35719,False,False
sm6b_074_066,SM6b,074/066,トレーナーズ,サポート,TVレポーター,SR,,,,B,35720,False,False
sm6b_075_066,SM6b,075/066,トレーナーズ,サポート,ぼんぐり職人,SR,,,,B,35721,False,False
sm6b_076_066,SM6b,076/066,トレーナーズ,サポート,マサキのメンテナンス,SR,,,,B,35722,False,False
sm6b_077_066,SM6b,077/066,トレーナーズ,サポート,モノマネむすめ,SR,,,,B,35723,False,False
xy5-bg_077_070,XY5-Bg,077/070,トレーナーズ,サポート,センパイとコウハイ,SR,,,,A,35791,False,False
xy5-bt_077_070,XY5-Bt,077/070,トレーナーズ,サポート,アオギリの切り札,SR,,,,A,35799,False,False
sm3p_077_072,SM3p,077/072,トレーナーズ,サポート,ポケモンブリーダー,SR,,,,A,35664,False,False
xy5-bg_078_070,XY5-Bg,078/070,トレーナーズ,サポート,マツブサの隠し玉,SR,,,,A,35792,False,False
xy5-bt_078_070,XY5-Bt,078/070,トレーナーズ,サポート,オダマキ博士の観察,SR,,,,A,35800,False,False
xy2_085_080,XY2,085/080,トレーナーズ,サポート,フラダリ,SR,,,,A,35768,False,False
xy2_086_080,XY2,086/080,トレーナーズ,サポート,ポケモンセンターのお姉さん,SR,,,,A,35769,False,False
xy10-b_087_078,XY10-B,087/078,トレーナーズ,サポート,ロケット団の工作,SR,,,,A,35849,False,False
xy2_087_080,XY2,087/080,トレーナーズ,サポート,ポケモンだいすきクラブ,SR,,,,A,35770,False,False
xy6_088_078,XY6,088/078,トレーナーズ,サポート,ナギ,SR,,,,A,35810,False,False
xy6_089_078,XY6,089/078,トレーナーズ,サポート,ミツル,SR,,,,A,35811,False,False
xy4_093_088,XY4,093/088,トレーナーズ,サポート,AZ,SR,,,,A,35782,False,False
xy4_094_088,XY4,094/088,トレーナーズ,サポート,クセロシキ,SR,,,,A,35783,False,False
xy4_095_088,XY4,095/088,トレーナーズ,サポート,フラダリの奥の手,SR,,,,A,35784,False,False
cp6_099_087,CP6,099/087,トレーナーズ,サポート,カスミのやる気,SR,,,,A,35871,False,False
cp6_100_087,CP6,100/087,トレーナーズ,サポート,タケシのガッツ,SR,,,,A,35872,False,False
sm6_100_094,SM6,100/094,トレーナーズ,サポート,おじょうさま,SR,,,,B,35704,False,False
sm6_101_094,SM6,101/094,トレーナーズ,サポート,カルネ,SR,,,,B,35705,False,False
sm8_101_095,SM8,101/095,トレーナーズ,サポート,アカネ,SR,,,,B,35749,False,False
xy3_101_096,XY3,101/096,トレーナーズ,サポート,化石研究員,SR,,,,A,35775,False,False
sm6_102_094,SM6,102/094,トレーナーズ,サポート,ユリーカ,SR,,,,B,35706,False,False
sm8_102_095,SM8,102/095,トレーナーズ,サポート,ウツギ博士のレクチャー,SR,,,,B,35750,False,False
xy3_102_096,XY3,102/096,トレーナーズ,サポート,コルニ,SR,,,,A,35776,False,False
sm7_102_096,SM7,102/096,トレーナーズ,サポート,ダイゴの決断,SR,,,,B,35729,False,False
sm8_103_095,SM8,103/095,トレーナーズ,サポート,ザオボー,SR,,,,B,35751,False,False
sm7_103_096,SM7,103/096,トレーナーズ,サポート,フウとラン,SR,,,,B,35730,False,False
xy3_103_096,XY3,103/096,トレーナーズ,サポート,バトルレポーター,SR,,,,A,35777,False,False
sm11_104_094,SM11,104/094,トレーナーズ,サポート,カスミのおねがい,SR,,,,C,36984,False,False
sm7_104_096,SM7,104/096,トレーナーズ,サポート,ルチア,SR,,,,B,35731,False,False
sm11_105_094,SM11,105/094,トレーナーズ,サポート,きとうし,SR,,,,C,36985,False,False
sm12_105_095,SM12,105/095,トレーナーズ,サポート,グズマ&ハラ,SR,,,,C,37387,False,False
sm10_105_095,SM10,105/095,トレーナーズ,サポート,サカキの追放,SR,,,,C,36653,False,False
sm11_106_094,SM11,106/094,トレーナーズ,サポート,グリーンの戦略,SR,,,,C,36986,False,False
sm10_106_095,SM10,106/095,トレーナーズ,サポート,溶接工,SR,,,,C,36654,False,False
sm12_106_095,SM12,106/095,トレーナーズ,サポート,シロナ&カトレア,SR,,,,C,37388,False,False
sm12_107_095,SM12,107/095,トレーナーズ,サポート,マオ&スイレン,SR,,,,C,37389,False,False
sm9_107_095,SM9,107/095,トレーナーズ,サポート,エリカのおもてなし,SR,,,,C,36212,False,False
sm10_107_095,SM10,107/095,トレーナーズ,サポート,レッドの挑戦,SR,,,,C,36655,False,False
sm9_108_095,SM9,108/095,トレーナーズ,サポート,タケシのガッツ,SR,,,,C,36213,False,False
sm12_108_095,SM12,108/095,トレーナーズ,サポート,レッド&グリーン,SR,,,,C,37390,False,False
sm9_109_095,SM9,109/095,トレーナーズ,サポート,ナツメの暗示,SR,,,,C,36214,False,False
sm4p_118_114,SM4p,118/114,トレーナーズ,サポート,スイレン,SR,,,,A,35678,False,False
sm4p_119_114,SM4p,119/114,トレーナーズ,サポート,リーリエ,SR,,,,A,35679,False,False
sm4p_120_114,SM4p,120/114,トレーナーズ,サポート,ルザミーネ,SR,,,,A,35680,False,False
sm8b_151_150,SM8b,151/150,トレーナーズ,サポート,エーテル財団職員,SR,,,,B,36040,False,False
sm8b_152_150,SM8b,152/150,トレーナーズ,サポート,グズマ,SR,,,,A,36041,False,False
sm8b_153_150,SM8b,153/150,トレーナーズ,サポート,シロナ,SR,,,,B,36042,False,False
sm8b_154_150,SM8b,154/150,トレーナーズ,サポート,釣り人,SR,,,,B,36043,False,False
sm8b_155_150,SM8b,155/150,トレーナーズ,サポート,ノボリとクダリ,SR,,,,B,36044,False,False
sm8b_156_150,SM8b,156/150,トレーナーズ,サポート,やまおとこ,SR,,,,A,36045,False,False
sm8b_157_150,SM8b,157/150,トレーナーズ,サポート,ルミタン,SR,,,,B,36046,False,False
sm8b_158_150,SM8b,158/150,トレーナーズ,サポート,ラジュルネ,SR,,,,B,36047,False,False
sm8b_159_150,SM8b,159/150,トレーナーズ,サポート,ルスワール,SR,,,,B,36048,False,False
sm8b_160_150,SM8b,160/150,トレーナーズ,サポート,ラニュイ,SR,,,,B,36049,False,False
sm12a_189_173,SM12a,189/173,トレーナーズ,サポート,イツキ,SR,,,,C,37457,False,False
sm12a_190_173,SM12a,190/173,トレーナーズ,サポート,エリカのおもてなし,SR,,,,C,37458,False,False
sm12a_191_173,SM12a,191/173,トレーナーズ,サポート,カスミ&カンナ,SR,,,,C,37459,False,False
sm12a_192_173,SM12a,192/173,トレーナーズ,サポート,かんこうきゃく,SR,,,,B,37460,False,False
sm12a_193_173,SM12a,193/173,トレーナーズ,サポート,グリーンの戦略,SR,,,,C,37461,False,False
sm12a_194_173,SM12a,194/173,トレーナーズ,サポート,ジュジュベ&ハチクマン,SR,,,,C,37462,False,False
sm12a_195_173,SM12a,195/173,トレーナーズ,サポート,ハプウ,SR,,,,C,37463,False,False
sm12a_196_173,SM12a,196/173,トレーナーズ,サポート,ブルーの探索,SR,,,,C,37464,False,False
sm12a_197_173,SM12a,197/173,トレーナーズ,サポート,ホミカ,SR,,,,C,37465,False,False
sm12a_198_173,SM12a,198/173,トレーナーズ,サポート,マツリカ,SR,,,,B,37466,False,False
sm12a_199_173,SM12a,199/173,トレーナーズ,サポート,ヤーコン,SR,,,,C,37467,False,False
sm12a_200_173,SM12a,200/173,トレーナーズ,サポート,溶接工,SR,,,,C,37468,False,False
sm12a_201_173,SM12a,201/173,トレーナーズ,サポート,レッドの挑戦,SR,,,,C,37469,False,False
xyp_001_XY-P,XY-P,001/XY-P,ポケモン,雷,ピカチュウ,-,,でんきショック,,A,30167,False,False
xyp_030_XY-P,XY-P,030/XY-P,ポケモン,炎,リザードンEX,-,,メガかくせい,ブレイブファイヤー,A,30352,False,False
xyp_037_XY-P,XY-P,037/XY-P,ポケモン,闘,ダークライ,-,,さいみんはどう,ディープワインド,A,30476,False,False
xyp_051_XY-P,XY-P,051/XY-P,ポケモン,悪,ゼルネアス,-,,オーロラゲイン,せいめいのひかり,A,30579,False,False
xyp_052_XY-P,XY-P,052/XY-P,ポケモン,雷,イベルタル,-,,エアクラッシュ,はかいのつばさ,A,30580,False,False
xyp_053_XY-P,XY-P,053/XY-P,ポケモン,悪,ディアンシー,-,,きらめく,ダイヤストーム,A,30581,False,False
xyp_054_XY-P,XY-P,054/XY-P,ポケモン,悪,ディアンシー,-,,きらめく,ダイヤストーム,A,30582,False,False
xyp_056_XY-P,XY-P,056/XY-P,ポケモン,雷,ポケテレのADピカチュウ,-,,ポケテレチャレンジ,でんこうせっか,A,30590,False,False
xyp_064_XY-P,XY-P,064/XY-P,ポケモン,雷,ピカチュウ,-,,しっぽをふる,エレキボール,A,30854,False,False
xyp_064_XY-P,XY-P,064/XY-P,ポケモン,雷,ピカチュウ,-,,しっぽをふる,エレキボール,A,30595,False,False
xyp_068_XY-P,XY-P,068/XY-P,ポケモン,雷,ピカチュウ,-,,たいりょうはっせい!?,,A,30599,False,False
xyp_069_XY-P,XY-P,069/XY-P,ポケモン,雷,ピカチュウ,-,,たいりょうはっせい!?,,A,30600,False,False
xyp_070_XY-P,XY-P,070/XY-P,ポケモン,雷,ピカチュウ,-,,たいりょうはっせい!?,,A,30601,False,False
xyp_090_XY-P,XY-P,090/XY-P,ポケモン,雷,ピカチュウ,-,,10まんボルト,,A,30655,False,False
xyp_091_XY-P,XY-P,091/XY-P,ポケモン,悪,ニンフィア,-,,チャームボイス,ようせいのかぜ,A,30656,False,False
xyp_092_XY-P,XY-P,092/XY-P,ポケモン,悪,ディアンシーEX,-,,ムーンフォース,ひかりのうず,A,30804,False,False
xyp_093_XY-P,XY-P,093/XY-P,ポケモン,悪,MディアンシーEX,-,,ダイヤモンドフォース,,A,30805,False,False
xyp_094_XY-P,XY-P,094/XY-P,ポケモン,雷,あったかピカチュウ,-,,あったまる,でんきショック,A,30806,False,False
xyp_095_XY-P,XY-P,095/XY-P,ポケモン,雷,あったかピカチュウ,-,,あったまる,でんきショック,A,30807,False,False
xyp_096_XY-P,XY-P,096/XY-P,ポケモン,雷,あったかピカチュウ,-,,あったまる,でんきショック,A,30808,False,False
xyp_097_XY-P,XY-P,097/XY-P,ポケモン,雷,あったかピカチュウ,-,,あったまる,でんきショック,A,30809,False,False
xyp_098_XY-P,XY-P,098/XY-P,ポケモン,雷,メガトウキョーのピカチュウ,-,,メガオープン！,でんきショック,A,30810,False,False
xyp_099_XY-P,XY-P,099/XY-P,ポケモン,雷,おきがえピカチュウ,-,,でんこうせっか,シンクロアピール,A,30811,False,False
xyp_121_XY-P,XY-P,121/XY-P,トレーナーズ,サポート,ダイゴ,-,,,,A,30971,False,False
xyp_122_XY-P,XY-P,122/XY-P,ポケモン,雷,レックウザEX,-,,メガかくせい,エアロスクリーム,A,31055,False,False
xyp_123_XY-P,XY-P,123/XY-P,ポケモン,雷,レックウザEX,-,,メガかくせい,エアロスクリーム,A,31056,False,False
xyp_129_XY-P,XY-P,129/XY-P,ポケモン,炎,ジラーチ,-,,スターダスト,ゆめみのまい,G,31068,False,False
xyp_139_XY-P,XY-P,139/XY-P,トレーナーズ,スタジアム,オールナイトパーティ,-,,,,A,31086,False,False
xyp_140_XY-P,XY-P,140/XY-P,ポケモン,闘,ブラッキー,-,,マッハクロー,ルナティックセンス,A,31087,False,False
xyp_141_XY-P,XY-P,141/XY-P,ポケモン,悪,ニンフィア,-,,チャームボイス,ようせいのかぜ,A,31088,False,False
xyp_142_XY-P,XY-P,142/XY-P,ポケモン,草,セレビィ,-,ときをかける,スパークルマイン,,A,31089,False,False
xyp_145_XY-P,XY-P,145/XY-P,ポケモン,超,ラティアス,-,,ねんどうだん,サイコプリズム,A,31154,False,False
xyp_146_XY-P,XY-P,146/XY-P,ポケモン,超,ラティオス,-,,マッハひこう,サイコバーン,A,31155,False,False
xyp_150_XY-P,XY-P,150/XY-P,ポケモン,雷,コイキングごっこピカチュウ,-,,はねてみる,10まんボルト,A,31162,False,False
xyp_151_XY-P,XY-P,151/XY-P,ポケモン,雷,ギャラドスごっこピカチュウ,-,,おこってみる,10まんボルト,A,31163,False,False
xyp_154_XY-P,XY-P,154/XY-P,ポケモン,雷,ピカチュウ,-,,いっしょにたべよ,でんこうせっか,A,31166,False,False
xyp_155_XY-P,XY-P,155/XY-P,ポケモン,超,フーパ,-,,おでましラッシュ,,A,31167,False,False
xyp_156_XY-P,XY-P,156/XY-P,ポケモン,雷,ピカチュウ,-,,でんじは,エレキリング,A,31168,False,False
xyp_157_XY-P,XY-P,157/XY-P,ポケモン,超,フーパ,-,,おでましドロー,ダブルスピン,A,31169,False,False
xyp_158_XY-P,XY-P,158/XY-P,ポケモン,雷,レックウザEX,-,,ライジングバーン,りゅうのはどう,A,31170,False,False
xyp_164_XY-P,XY-P,164/XY-P,トレーナーズ,サポート,フウロ,-,,,,A,31466,False,False
xyp_173_XY-P,XY-P,173/XY-P,トレーナーズ,サポート,オカルトマニア,-,,,,A,31559,False,False
xyp_174_XY-P,XY-P,174/XY-P,ポケモン,超,ラティオス,-,,マッハひこう,サイコバーン,A,31564,False,False
xyp_175_XY-P,XY-P,175/XY-P,ポケモン,雷,ピカチュウ,-,,10まんボルト,,A,31567,False,False
xyp_176_XY-P,XY-P,176/XY-P,ポケモン,超,ミュウツー,-,,ねんりき,しねんのやいば,A,31568,False,False
xyp_190_XY-P,XY-P,190/XY-P,ポケモン,超,ミュウツーEX,-,,フォトンウェーブ,サイコバーン,A,31636,False,False
xyp_191_XY-P,XY-P,191/XY-P,ポケモン,超,ミュウツーEX,-,,バーストボール,チェンジダメージ,A,31637,False,False
xyp_192_XY-P,XY-P,192/XY-P,ポケモン,草,リーフィアEX,-,,リーフブレード,しぜんのいぶき,A,31592,False,False
xyp_194_XY-P,XY-P,194/XY-P,ポケモン,草,シャワーズEX,-,,バブルドレイン,ディープスコール,A,31594,False,False
xyp_195_XY-P,XY-P,195/XY-P,ポケモン,雷,サンダースEX,-,,スピードスター,フラッシュレイ,A,31595,False,False
xyp_202_XY-P,XY-P,202/XY-P,ポケモン,超,ミュウツー,-,,ねんりき,しねんのやいば,A,31579,False,False
xyp_203_XY-P,XY-P,203/XY-P,ポケモン,雷,ポンチョを着たピカチュウ,-,,メガごっこ,トリプルスパーク,A,31638,False,False
xyp_204_XY-P,XY-P,204/XY-P,ポケモン,雷,メガトウキョーのピカチュウ,-,,メガオープン！,でんきショック,A,31639,False,False
xyp_205_XY-P,XY-P,205/XY-P,ポケモン,草,スイクン,-,かぜのまもり,オーロラビーム,,A,31646,False,False
xyp_206_XY-P,XY-P,206/XY-P,ポケモン,雷,ピカチュウ,-,,ほっぺすりすり,でんこうせっか,A,31642,False,False
xyp_207_XY-P,XY-P,207/XY-P,ポケモン,雷,ポンチョを着たピカチュウ,-,,ピカパンチ,ワイルドブレイズ？,A,31640,False,False
xyp_208_XY-P,XY-P,208/XY-P,ポケモン,雷,ポンチョを着たピカチュウ,-,,ピカパンチ,グレンダイブ？,A,31641,False,False
xyp_212_XY-P,XY-P,212/XY-P,ポケモン,草,シェイミEX,-,かんしゃのかおり,フラワーゲイン,,A,31649,False,False
xyp_213_XY-P,XY-P,213/XY-P,ポケモン,炎,リザードンEX,-,,もえあがる,だいもんじ,A,31860,False,False
xyp_218_XY-P,XY-P,218/XY-P,ポケモン,草,サトシゲッコウガEX,-,,しゅりけんらんぶ,ニンジャブレード,A,31647,False,False
xyp_221_XY-P,XY-P,221/XY-P,ポケモン,雷,お公家さまと舞妓はんピカチュウ,-,,おこしやす,ダブルボルト,A,31864,False,False
xyp_230_XY-P,XY-P,230/XY-P,ポケモン,雷,ポンチョを着たピカチュウ,-,,ピカパンチ,そらをとぶ？,A,32191,False,False
xyp_231_XY-P,XY-P,231/XY-P,ポケモン,雷,ポンチョを着たピカチュウ,-,,ピカパンチ,げきりん？,A,32192,False,False
xyp_235_XY-P,XY-P,235/XY-P,ポケモン,炎,ジラーチ,-,,スターダスト,ゆめみのまい,A,32010,False,False
xyp_247_XY-P,XY-P,247/XY-P,ポケモン,雷,マスクド・ピカチュウ,-,,でんこうせっか,フライングエレキック,A,32154,False,False
xyp_259_XY-P,XY-P,259/XY-P,ポケモン,雷,ピカチュウ,-,,じゅうでん,10まんボルト,A,32300,False,False
xyp_264_XY-P,XY-P,264/XY-P,ポケモン,雷,なみのりピカチュウ,-,,なみのり,,A,32312,False,False
xyp_268_XY-P,XY-P,268/XY-P,ポケモン,炎,マギアナ,-,,アシストギア,ギアスマッシュ,A,32316,False,False
xyp_271_XY-P,XY-P,271/XY-P,ポケモン,悪,ディアンシー,-,,きらめく,ダイヤストーム,A,32307,False,False
xyp_272_XY-P,XY-P,272/XY-P,ポケモン,雷,MレックウザEX,-,,エメラルドブレイク,,A,32308,False,False
xyp_274_XY-P,XY-P,274/XY-P,ポケモン,雷,ポンチョを着たピカチュウ,-,,メガごっこ,スパークラッシュ,A,32310,False,False
xyp_275_XY-P,XY-P,275/XY-P,ポケモン,雷,ポンチョを着たピカチュウ,-,,メガごっこ,トリプルスパーク,A,32311,False,False
xyp_276_XY-P,XY-P,276/XY-P,ポケモン,炎,リザードンEX,-,,もえあがる,だいもんじ,A,32317,False,False
xyp_280_XY-P,XY-P,280/XY-P,ポケモン,炎,リザードン,-,エナジーバーン,ほのおのうず,,A,32319,False,False
xyp_281_XY-P,XY-P,281/XY-P,ポケモン,雷,ピカチュウ,-,,なきごえ,でんきショック,A,32320,False,False
xyp_282_XY-P,XY-P,282/XY-P,トレーナーズ,サポート,とりかえっこプリーズ!,-,,,,A,32321,False,False
